,BiLSTM,TCN,MBDA-Net
5-fold CV,49.83,16.5,67.7
Final Training,10.65,3.166666667,17.05
Trainable Params,227331,1473795,533827
s/param,0.168652757,0.007735133,0.114981071
