{
    "10000_by_601": [
        0.353,
        0.537,
        0.69,
        1.0
    ],
    "1000_by_6001": [
        0.961,
        0.729,
        0.427,
        1.0
    ],
    "100_by_60001": [
        0.6941176470588235,
        0.34901960784313724,
        0.1568627450980392,
        1.0
    ]
}