{
    "control_exons": 1.6335908328621485,
    "control_introns_intergenic": 13.689699847597453,
    "control_introns_intron": 5.7664501502172225,
    "exon-intron": 1.6736597315325157,
    "intron-exon": 1.6757816060523198
}