{
    "control_exons": 0.07176042007624353,
    "control_introns_intergenic": 0.5080255764594404,
    "control_introns_intron": 0.36629003354912,
    "exon-intron": 0.026979065402698843,
    "intron-exon": 0.026944904512497304
}